{"nm":"shapes","ddd":0,"h":1080,"w":1080,"meta":{"g":"@lottiefiles/toolkit-js 0.63.0"},"layers":[{"ty":4,"nm":"Shape Layer 4","sr":1,"st":9,"op":81,"ip":9,"ln":"21","hasMask":false,"ao":0,"ks":{"a":{"a":0,"k":[39,29,0]},"s":{"a":0,"k":[20,20,95.238]},"p":{"a":0,"k":[540,540]},"r":{"a":0,"k":0},"o":{"a":0,"k":100}},"shapes":[{"ty":"gr","nm":"Ellipse 1","it":[{"ty":"el","nm":"Ellipse Path 1","d":1,"p":{"a":0,"k":[0,0]},"s":{"a":0,"k":[558,558]}},{"ty":"tm","nm":"Trim Paths 1","e":{"a":1,"k":[{"o":{"x":0.333,"y":0},"i":{"x":0,"y":1},"s":[0],"t":12},{"s":[100],"t":24}]},"o":{"a":0,"k":0},"s":{"a":1,"k":[{"o":{"x":0.302,"y":0},"i":{"x":0.036,"y":1},"s":[0],"t":42},{"s":[100],"t":54}]},"m":1},{"ty":"st","nm":"Stroke 1","lc":1,"lj":1,"ml":4,"o":{"a":0,"k":100},"w":{"a":0,"k":58},"c":{"a":0,"k":[0.756,0.144,0.654,1]}},{"ty":"tr","a":{"a":0,"k":[0,0]},"s":{"a":0,"k":[78,78]},"p":{"a":0,"k":[39,29]},"r":{"a":0,"k":0},"o":{"a":0,"k":100}}]}],"ind":1},{"ty":4,"nm":"Shape Layer 3","sr":1,"st":9,"op":81,"ip":9,"ln":"18","hasMask":false,"ao":0,"ks":{"a":{"a":0,"k":[39,29,0]},"s":{"a":0,"k":[46,46,102.222]},"p":{"a":0,"k":[540,540]},"r":{"a":0,"k":0},"o":{"a":0,"k":100}},"shapes":[{"ty":"gr","nm":"Ellipse 1","it":[{"ty":"el","nm":"Ellipse Path 1","d":1,"p":{"a":0,"k":[0,0]},"s":{"a":0,"k":[558,558]}},{"ty":"tm","nm":"Trim Paths 1","e":{"a":1,"k":[{"o":{"x":0.333,"y":0},"i":{"x":0,"y":1},"s":[0],"t":9},{"s":[100],"t":21}]},"o":{"a":0,"k":0},"s":{"a":1,"k":[{"o":{"x":0.302,"y":0},"i":{"x":0.036,"y":1},"s":[0],"t":39},{"s":[100],"t":52}]},"m":1},{"ty":"st","nm":"Stroke 1","lc":1,"lj":1,"ml":4,"o":{"a":0,"k":100},"w":{"a":0,"k":58},"c":{"a":0,"k":[0.756,0.144,0.654,1]}},{"ty":"tr","a":{"a":0,"k":[0,0]},"s":{"a":0,"k":[78,78]},"p":{"a":0,"k":[39,29]},"r":{"a":0,"k":0},"o":{"a":0,"k":100}}]}],"ind":2},{"ty":4,"nm":"Shape Layer 2","sr":1,"st":4,"op":76,"ip":4,"ln":"17","hasMask":false,"ao":0,"ks":{"a":{"a":0,"k":[39,29,0]},"s":{"a":0,"k":[100,100]},"p":{"a":0,"k":[540,540]},"r":{"a":0,"k":0},"o":{"a":0,"k":100}},"shapes":[{"ty":"gr","nm":"Ellipse 1","it":[{"ty":"el","nm":"Ellipse Path 1","d":1,"p":{"a":0,"k":[0,0]},"s":{"a":0,"k":[558,558]}},{"ty":"tm","nm":"Trim Paths 1","e":{"a":1,"k":[{"o":{"x":0.333,"y":0},"i":{"x":0,"y":1},"s":[0],"t":4},{"s":[100],"t":16}]},"o":{"a":0,"k":0},"s":{"a":1,"k":[{"o":{"x":0.302,"y":0},"i":{"x":0.036,"y":1},"s":[0],"t":36},{"s":[100],"t":50}]},"m":1},{"ty":"st","nm":"Stroke 1","lc":1,"lj":1,"ml":4,"o":{"a":0,"k":100},"w":{"a":0,"k":95},"c":{"a":0,"k":[1,0.5569,0.9255,1]}},{"ty":"tr","a":{"a":0,"k":[0,0]},"s":{"a":0,"k":[78,78]},"p":{"a":0,"k":[39,29]},"r":{"a":0,"k":0},"o":{"a":0,"k":100}}]},{"ty":"gr","nm":"Group 1","it":[{"ty":"tm","nm":"Trim Paths 1","e":{"a":0,"k":100},"o":{"a":0,"k":0},"s":{"a":0,"k":0},"m":1},{"ty":"tr","a":{"a":0,"k":[0,0]},"s":{"a":0,"k":[100,100]},"p":{"a":0,"k":[0,0]},"r":{"a":0,"k":0},"o":{"a":0,"k":100}}]}],"ind":3},{"ty":4,"nm":"Shape Layer 1","sr":1,"st":0,"op":72,"ip":0,"ln":"16","hasMask":false,"ao":0,"ks":{"a":{"a":0,"k":[39,29,0]},"s":{"a":0,"k":[100,100]},"p":{"a":0,"k":[540,540]},"r":{"a":0,"k":0},"o":{"a":0,"k":100}},"shapes":[{"ty":"gr","nm":"Ellipse 1","it":[{"ty":"el","nm":"Ellipse Path 1","d":1,"p":{"a":0,"k":[0,0]},"s":{"a":0,"k":[558,558]}},{"ty":"tm","nm":"Trim Paths 1","e":{"a":1,"k":[{"o":{"x":0.333,"y":0},"i":{"x":0,"y":1},"s":[0],"t":0},{"s":[100],"t":12}]},"o":{"a":0,"k":0},"s":{"a":1,"k":[{"o":{"x":0.302,"y":0},"i":{"x":0.036,"y":1},"s":[0],"t":33},{"s":[100],"t":46}]},"m":1},{"ty":"st","nm":"Stroke 1","lc":1,"lj":1,"ml":4,"o":{"a":0,"k":100},"w":{"a":0,"k":144},"c":{"a":0,"k":[0.756,0.144,0.654,1]}},{"ty":"tr","a":{"a":0,"k":[0,0]},"s":{"a":0,"k":[78,78]},"p":{"a":0,"k":[39,29]},"r":{"a":0,"k":0},"o":{"a":0,"k":100}}]},{"ty":"gr","nm":"Group 1","it":[{"ty":"tm","nm":"Trim Paths 1","e":{"a":0,"k":100},"o":{"a":0,"k":0},"s":{"a":0,"k":100},"m":1},{"ty":"tr","a":{"a":0,"k":[0,0]},"s":{"a":0,"k":[100,100]},"p":{"a":0,"k":[0,0]},"r":{"a":0,"k":0},"o":{"a":0,"k":100}}]}],"ind":4}],"v":"5.7.0","fr":24,"op":72,"ip":0,"assets":[]}